<?xml version="1.0" encoding="UTF-8" standalone="yes"?>
<addon id="plugin.video.Infotec-Kodi-Online-matrix"
       name="[COLOR orange]Infotec[/COLOR]-[COLOR lime]Kodi[/COLOR]-[COLOR lightskyblue]Online[/COLOR]-[COLOR yellow]Matrix[/COLOR]"
       version="1.0.5+matrix.1"
       provider-name="By Infotec-Kodi-Online">
<requires>
    <import addon="xbmc.python" version="3.0.0"/>
    <import addon="script.module.requests"/>
    <import addon="script.module.simplejson"/>
	<import addon="script.module.kodi-six" />
</requires>  
<extension point="xbmc.python.pluginsource" library="default.py">
	<provides>video</provides>
</extension>   
<extension point="xbmc.addon.metadata">
	 <summary lang="en">sumario</summary>
    <description lang="en">descricao</description>
    <disclaimer lang="en"></disclaimer>
	<platform>all</platform>
	<assets>
       <icon>icon.png</icon>
       <fanart>fanart.jpg</fanart>
<screenshot>resources/screenshots/home.png</screenshot>
<screenshot>resources/screenshots/movies.png</screenshot>
<screenshot>resources/screenshots/series.png</screenshot>
</assets>
	<news>news
	</news>
</extension>
</addon>