<?xml version="1.0" encoding="UTF-8" standalone="yes"?>
<addons>
<addon
  id="inputstream.adaptive"
  version="19.0.1"
  name="InputStream Adaptive"
  provider-name="peak3d">
  <requires>
<import addon="kodi.binary.global.main" minversion="1.2.0" version="1.3.0"/>
<import addon="kodi.binary.global.general" minversion="1.0.4" version="1.0.5"/>
<import addon="kodi.binary.global.filesystem" minversion="1.1.0" version="1.1.6"/>
<import addon="kodi.binary.global.tools" minversion="1.0.0" version="1.0.4"/>
<import addon="kodi.binary.instance.inputstream" minversion="3.0.1" version="3.0.1"/>
<import addon="kodi.binary.instance.videocodec" minversion="2.0.1" version="2.0.2"/></requires>
  <extension
    point="kodi.inputstream"
    name="adaptive"
    extension=""
    tags="true"
    listitemprops="license_type|license_key|license_data|license_flags|manifest_type|server_certificate|stream_headers|manifest_update_parameter|original_audio_language|max_bandwidth|play_timeshift_buffer|pre_init_data"
    library_windows="inputstream.adaptive.dll"/>
  <extension point="xbmc.addon.metadata">
    <platform>windows-x86_64</platform>
    <news>
v19.0.1 (2021-12-10)
- Fix compile error by GCC 11

v19.0.0 (2021-09-14)
- Change test builds to released 'Kodi 19 Matrix'
- Increase version to 19.0.0
  - With start of Kodi 20 Nexus, takes addon as major the same version number as Kodi.
    This done to know easier to which Kodi the addon works.

v2.6.23 (2021-08-06)
- Translations from weblate - de_de, ja_jp, ko_kr
 - [Android] use multiple drm sessions (solves stuttering)
 - [DASH] allow for misaligned segs in SegmentTimeline

v2.6.22 (2021-07-18)
- Automation test release

v2.6.21 (2021-07-18)
- Automation test release

v2.6.20 (2021-07-17)
Translations updates from Weblate
	- de_de, el_gr, es_es, fr_fr, he_il, hi_in, hr_hr, hu_hu, it_it, ja_jp, ko_kr, nl_nl, pl_pl, ro_ro, ru_ru, sk_sk, sv_se

v2.6.19 (2021-07-17)
- Translations updates from Weblate
	- af_za, am_et, ar_sa, ast_es, az_az, be_by, bg_bg, bs_ba, ca_es, cs_cz, cy_gb, da_dk, de_de, el_gr, en_au, en_gb, en_nz, en_us, eo, es_ar, es_es, es_mx, et_ee, eu_es, fa_af, fa_ir, fi_fi, fo_fo, fr_ca, fr_fr, gl_es, he_il, hi_in, hr_hr, hu_hu, hy_am, id_id, is_is, it_it, ja_jp, kn_in, ko_kr, lt_lt, lv_lv, ml_in, mn_mn, mt_mt, my_mm, nb_no, nl_nl, os_os, pl_pl, pt_br, pt_pt, ro_md, ro_ro, ru_ru, scn, si_lk, sk_sk, sq_al, sr_rs, sr_rs@latin, sv_se, szl, ta_in, tg_tj, th_th, tr_tr, uk_ua, uz_uz, vi_vn, zh_cn, zh_tw

v2.6.18 (2021-07-13)
- Add support to pre-initialise DRM
- Fix intermittent crash when stopping Widevine videos

v2.6.17 (2021-06-20)
- Fix decrypt errors on non-Android platforms
- [DASH] fix representation base urls
- Don't use filecache for subtitle downloads

v2.6.16 (2021-05-21)
- Allow download retries for VOD
- [DASH] fix for minimumUpdatePeriod=0
- [DASH] remove media_renewal_url and media_renewal_time
- License renewal for widevine
- [HLS] Fix SSD being deleted with multiple encrypted streams
- Overhaul manifest redirect logic
- fix seeking into separate chapters/resume time
- fix HEVC extra data crash
- improve settings

v2.6.15 (2021-05-18)
- [HLS] support webvtt subtitle extensions
- [DASH] fix segmentTemplate calculation
- [HEVC] use constant frame rate if average is 0
- [HLS] don't reset pts on new periods
- Don't remove secure decoder cap if not requested in manifest_type
- [Android] fallback to widevine L3 if L1 provisioning fails

v2.6.14 (2021-04-22)
- Don't overwrite manifest headers with stream headers
- Stream headers default to manifest headers
- ac3 is recognised separately to eac3
- [DASH] time and number placeholders can be used simultaneously
- [DASH] manifest_update_parameter property defaults to 'full' for SegmentTimeline
- [DASH] pssh attribute in ContentProtection tag allowed without cenc namespace
- [DASH] support ttml subs where codec isn't specified

v2.6.13 (2021-04-10)
- Fix Debian packaging

v2.6.12 (2021-04-09)
- Remove Android specific decrypter search paths
- Move Android addon to binary addons repo

v2.6.11 (2021-04-08)
- Fix ampersand in changelog causing issues from v2.6.9 and v2.6.10

v2.6.10 (2021-04-08)
- Fix release build

v2.6.9 (2021-04-08)
- Fix MPD Timing (remove publishTime and presentationTimeOffset)
- [Dash] Correctly set timeshift_buffer (live)
- [Dash] Support fpsScale in AdaptationSets
- [Dash] Fix missing audio languages
- [DASH] Support ec-3 channel count (urn:mpeg:mpegB:cicp:ChannelConfiguration)

v2.6.8 (2021-03-26)
- [Dash] Append / to baseurl if required
- Fix Base Domain (fixes uri=/path/)

v2.6.7 (2021-02-10)
- Fix build for ios/tvos
- Use the full BaseUrl if it's a real url inside an AdaptationSet

v2.6.6 (2020-11-21)
- Matrix VideoCodec API change to v2.0.2 - Fix crypto session id handling

v2.6.5 (2020-11-09)
- Matrix API change to v3.0.1 - Fix wrong flags bit shift

v2.6.4 (2020-10-31)
- Fix protocol search in manifest URL

v2.6.3 (2020-10-31)
- New C-api changes
- Fix URL's without domain (files)
- [MPD] Fix SegmentTimeline without given startTime

v2.6.2 (2020-10-30)
- revert / rework effective url issues
- api related changes (buildsystem)

v2.6.1 (2020-10-25)
- Fix effective url if paths beginning with / provided
- Several translations added / fixed
- Fix webvtt subtitles for time formats without leading hour 00:
- Fix segfault when playing PlayReady content (Android)
- Adapt to kodi c api changes

v2.6.0 (2020-05-16)
- Update inputstream API 2.3.1
- Update Global API 1.2.0

v2.5.6 (2020-04-25)
- Matrix API change to v2.3.0 - Pass mime type to inputstreams if available
- Matrix API change to v2.2.0 - Allows upto 256 streams, useful for netflix etc.

v2.5.5 (2020-04-06)
- Matrix API change - Remove CanPauseSteram() and CanSeekStream()
- Update .gitignore

v2.5.4 (2020-01-19)
- [HLS] url based initialization segment
- [DASH] Use effective URL for manifest update
- Implement Media Renewal Time
- Fixed WebVTT rlm and lrm
- Fixed and improved subtitle properties)
- Add multiple languages
- [DASH] Fix zero devision segfault

v2.5.3 (2019-11-21)
- Fix retrieving SIDX from indexRange streams (youtube)
- Rework seek (use lead stream)

v2.5.2 (2019-11-18)
- More languages added
- DolbyVision codec (dvhe) support, kodi changes required to get it work
- Add property to start LiveStreams from beginning (play_timeshift_buffer)
- Pass media_headers when downloading pssh-search segment
- Minor DASH full update / timing / url generation fixes

v2.5.1 (2019-10-07)
- Language spain added
- multi period support
- mp4 webtt binary representation added
- minor fixes

v2.5.0 (2019-09-02)
- New major versions for Matrix

v2.4.0 (2019-08-16)
- Update Kodi VFS API 1.0.3
- Build script cleanups
- Implement VP9 static HDR metadata
- MPD: location attibute added
- MPD: livestream bugfixes (uninitialized startPTS)

v2.3.22 (2019-06-14)
- Bento4: sample duration workaround (24/1)
- WVDecrypter: remove sleep between decrypt calls

v2.3.21 (2019-06-07)
- [DASH] initialize segment::range_begin_ for URL segments (youtube)

v2.3.20 (2019-06-07)
- Fix parsing PR ContentProtection KID

v2.3.19 (2019-06-02)
- [widevine] remove API 8 / Add API 11
- [TS] Signal configuration change if extra-data has changed
- [DASH] Use PlayReady WRMHEADER to retrieve DefaultKID
- [DASH] Allow URL_SEGMENTS + Range-Bytes

v2.3.18 (2019-05-11)
- align settings with internal resolution check
- [HLS] support single playlists

v2.3.17 (2019-04-16)
- Fix KID's with 0 char inside

v2.3.16 (2019-03-25)
- TTML parser fix
- [HLS] Add HEVC streams / Fix extra_data_size in ts parser
- [HLS] effective URL for license

v2.3.15 (2019-02-11)
- Fix windows build

v2.3.14 (2019-02-10)
- Add WebM container parser
    </news>
    <summary lang="ca_ES">Client InputStream per a transmissions adaptatives</summary>
    <summary lang="da_DK">InputStream-klient til adaptive streams</summary>
    <summary lang="de_DE">InputStream-Client für adaptive Streams</summary>
    <summary lang="en_GB">InputStream client for adaptive streams</summary>
    <summary lang="es_ES">Cliente InputStream para flujo de datos adaptativos</summary>
    <summary lang="es_MX">Cliente InputStream para transmisiones adaptativas</summary>
    <summary lang="fi_FI">InputStream asiakasohjelma adaptiivisille suoratoistoille</summary>
    <summary lang="he_IL">לקוח InputStream לתזרימים מסתגלים</summary>
    <summary lang="hr_HR">InputStream klijent za adaptivne tokove</summary>
    <summary lang="hu_HU">InputStream kliens az adaptív streamekhez</summary>
    <summary lang="ko_KR">가변 스트림을 위한 InputStream 클라이언트</summary>
    <summary lang="pl_PL">Klient InputStream dla strumieni adaptacyjnych</summary>
    <summary lang="ru_RU">InputStream клиент для адаптивных трансляций</summary>
    <summary lang="zh_CN">用于自适应流的 InputStream 客户端</summary>
    <description lang="ca_ES">Client InputStream per a transmissions adaptatives</description>
    <description lang="da_DK">InputStream-klient til adaptive streams</description>
    <description lang="de_DE">InputStream-Client für adaptive Streams</description>
    <description lang="en_GB">InputStream client for adaptive streams</description>
    <description lang="es_ES">Cliente InputStream para flujo de datos adaptativos</description>
    <description lang="es_MX">Cliente InputStream para transmisiones adaptativas</description>
    <description lang="fi_FI">InputStream asiakasohjelma adaptiivisille suoratoistoille</description>
    <description lang="he_IL">לקוח InputStream לתזרימים מסתגלים</description>
    <description lang="hr_HR">InputStream klijent za adaptivne tokove</description>
    <description lang="hu_HU">InputStream kliens az adaptív streamekhez</description>
    <description lang="ko_KR">가변 스트림을 위한 InputStream 클라이언트</description>
    <description lang="pl_PL">Klient InputStream dla strumieni adaptacyjnych</description>
    <description lang="ru_RU">InputStream клиент для адаптивных трансляций</description>
    <description lang="zh_CN">用于自适应流的 InputStream 客户端</description>
  </extension>
</addon>

<addon
  id="inputstream.ffmpegdirect"
  version="1.21.8"
  name="Inputstream FFmpeg Direct"
  provider-name="Ross Nicholson">
  <requires>
<import addon="kodi.binary.global.main" minversion="1.2.0" version="1.3.0"/>
<import addon="kodi.binary.global.general" minversion="1.0.4" version="1.0.5"/>
<import addon="kodi.binary.global.filesystem" minversion="1.1.0" version="1.1.6"/>
<import addon="kodi.binary.global.network" minversion="1.0.0" version="1.0.4"/>
<import addon="kodi.binary.global.tools" minversion="1.0.0" version="1.0.4"/>
<import addon="kodi.binary.instance.inputstream" minversion="3.0.1" version="3.0.1"/></requires>
  <extension
    point="kodi.inputstream"
    name="ffmpegdirect"
    extension=""
    tags="true"
    listitemprops="program_number|stream_mode|open_mode|manifest_type|default_url|is_realtime_stream|playback_as_live|programme_start_time|programme_end_time|catchup_url_format_string|catchup_url_near_live_format_string|catchup_buffer_start_time|catchup_buffer_end_time|catchup_buffer_offset|catchup_terminates|catchup_granularity|timezone_shift|default_programme_duration|programme_catchup_id"
    library_windows="inputstream.ffmpegdirect.dll" />
  <extension point="xbmc.service" library="resources/lib/runner.py"/>
  <extension point="xbmc.addon.metadata">
    <platform>windows-x86_64</platform>
    <license>GPL-2.0-or-later</license>
    <source>https://github.com/xbmc/inputstream.ffmpegdirect</source>
    <assets>
      <icon>icon.png</icon>
      <fanart>fanart.jpg</fanart>
    </assets>
    <news>
v1.21.8
Translations updates from Weblate
	- am_et, bs_ba, cy_gb, es_ar, eu_es, fa_ir, ml_in, mn_mn, mt_mt, my_mm, ro_md, si_lk, ta_in, tg_tj, uk_ua, uz_uz

v1.21.7
- Translations updates from Weblate
	- de_de, pl_pl

v1.21.6
- Translations updates from Weblate
	- da_dk

v1.21.5
Translations updates from Weblate
	- he_il, zh_cn

v1.21.4
- Workaround/hack for incorrect program change detection for catchup streams
- Simplify program number property logic
- Language update from Weblate

v1.21.3
- Fixed: fix hls bitrate selection

v1.21.2
- Fixed: Allow timezone shift when live URLs have placeholders

v1.21.1
- Fixed: remove workaround for ffmpeg deprecated function on windowsstore
- Fixed: Replace deprecated av_init_packet() from ffmpeg

v1.21.0
- Update: FFmpeg to 4.4
- Update: Update gas preprocessor for ffmpeg4.4
- Fixed: Ignore deprecation warning as errors for ffmpegs av_init_packet() for windowsstore

v1.20.1
- Fixed: release version fix

v1.20.0
- Update: FFmpeg to 4.3.2
- Added: If open_mode is default make sure the right protocols default to open with ffmpeg

v1.19.4
- Fixed: Fix locking on EOF detection of terminating catchup stream by using std:recursive_mutex

v1.19.3
- Update: move verbose playback timeshift logging to debug level
- Update: Update cmakelists to reference FFMPEGDIRECT at build time

v1.19.2
- Update: Demuxer additions from kodi

v1.19.1
- Fixed: Ensure all values in GetTimes() default to zero

v1.19.0
- Added: FFmpeg patch for satip improvements
- Added: SafeLocaltime and custom catchup timestamp formats
- Added: Now timestamp and custom timestamp format for live catchup URL
- Added: Use curl for mingw package downloads

v1.18.2
- Update: Redact inputstream property URLs when logged

v1.18.1
- Update: Add temporary ffmpeg patch for embedded EIT (EPG) data in mepgts streams

v1.18.0
- Update: inputstream API 3.0.1
  - Fix wrong flags bit shift

v1.17.0
- Update: inputstream API 3.0.0

v1.16.0
- Update: Inputstream API 2.3.4
- Added: German translation
- Added: Debian build test to Travis CI

v1.15.5
- Update: Use add-on supplied StringUtils and remove local version
- Update: Remove local threading code and use addon supplied instead
- Update: Use new addon supplied CEndTime class based on chrono
- Update: Add autoreconf step to lib zvbi

v1.15.4
- Update: Remove p8-platforms and add local StringUtils for cpp17
- Update: Nettle patch for xcode 12

v1.15.3
- Update: gnutls 3.6.15 and nettle 3.6 bump

v1.15.2
- Update: bump to fix version number

v1.15.1
- Fixed: Use correct index for streams using a program number, fixes EIT data embedded in streams
- Update: FFmpeg to 4.3.1

v1.15.0
- Added: Add fast open for manifest stream and test setting for realtime off
- Fixed: Honour realtime stream property
- Fixed: Fix using prev button to seek back to start of stream
- Fixed: Ensure no slash at end of timeshift buffer path
- Fixed: Make sure write segment file is closed when buffer is destroyed
- Fixed: Use overwrite when opening files for write for compatibility with SMB on Android
- Fixed: Don't start timeshift and exit if index file cannot be created
- Update: If any timeshift file cannot be created log free disk space
- Fixed: Avoid crash for zero byte or partial timeshift segment files
- Fixed: Only read ffmpeg logging setting on stream start
- Update: Redact username and password for urls in log statements
- Fixed: Only create timeshift directory if it does not exist

v1.14.5
- Fixed: Fix lintian spellings and mimetype log statement
- Update: Readme

v1.14.4
- Fixed: Use kodi's own FFmpeg for ubuntu packaging

v1.14.3
- Update: Use FFmpeg 4.3

v1.14.2
- Fixed: Debian packaging

v1.14.1
- Update: Kodi API Bump

v1.14.0
- Added: Add HLS bandwidth limit and teletext/fps advanced settings
- Fixed: Add missing ATTRIBUTE_HIDDEN qualifer to InputSteamFFmpegDirect class
- Fixed: Fix memory leak for DemuxStreams
- Update: README

v1.13.0
- Added: Add setting for user to limit the length of the timeshift buffer

v1.12.0
- Added: Support seeking for VOD streams or regular file playback
- Fixed: Update HLS iformat name and remove hls workaround which is fixed in current FFmpeg
- Added: Timeshift for live streams (experimental)
- Added: Add support for Kodi user-agent and cookies when calling FFmpeg directly
- Added: Support multiple occurrences of year, month and day in catchup format specifiers
- Added: Add option to turn FFmpeg logging on/off

v1.11.0
- Update: inputstream API 2.3.1
- Update: Global API 1.2.0

v1.10.0
- Added: Continued playback of catchtup streams which don't support delayed live streams
- Added: Skip unsupported seeks like ones too close to live or those less one minute for streams that only allow a 1 minute granulaity
- Added: Limit seeking for terminating 1 second streams to within 1 minute of live and for 60 streams 2 minutes
- Update: Debian control file
- Update: gas-preprocessor to latest version and remove patch that is no longer required
- Update: .gitignore
- Fixed: Fix arch typo ffmpeg darwin_embedded
- Fixed: Cleanup apple frameworks usage in cmakelists
- Added: Change logging implementation and deprecate use of NOTICE level
- Added: Allow streams to be opened using cURL in addition to FFmpeg
- Update: Fix TS Streams by disallowing streaminfo for realtime streams
- Update: MKV Attachment and IsTransportStreamReady() updates from kodi

v1.9.2
- Update: Use generic mimetype from stream and remove old mime_type property

v1.9.1
- Update: Inpustream API 2.3.0

v1.9.0
- Added: HTTP Proxy support
- Update: Remove PauseStream for Inputstream API 2.2.0
- Fixed: fix changelog.in for debian packaging

v1.8.2
- Fixed: Ubuntu packaging
- Added: Updated RTP patch

v1.8.1
- Fixed: Suppress verbose logging on libxml2 on osx that causes travis builds to fail

v1.8.0
- Added: Support live URL in addition to catchup URL
- Added: Support resuming from pause and to catchup stream
- Update: Remove CanSeekStream and CanPauseStream for Inputstream API v2.1.0
- Update: .gitignore

v1.7.3
- Update: Remove pthreads library as now w32pthreads is used instead
- Update: libxml2 disable unused components for common depends and remove unrequired patch
- Update: Update libxml2 to 2.9.10 for windows, disable html module and remove unrequired patches
- Update: Enable asm for gnutls and nettle for darwin_embedded

v1.7.2
- Update: w32pthreads
- Fixed: gnutls disable tools for OSX 10.15.4 compatibility
- Fixed: libxml2 patch for OSX 10.15.4/Xcode 11.4 compatibility
- Update: SPDX, headers and badges
- Update: gnutls to 3.6.13
- Update: gmp on android to 6.2.0

v1.7.1
- Fixed: tvOS build

v1.7.0
- Update: remove unrequired gnutls patch
- Fixed: Replace ;'s workaround for cmake bug for ffmpeg LDFLAGS
- Added: Patch for ffmpeg using rtp protocol where sources option is not retained
- Update: Document programme_catchup_id stream property in README
- Added: Support for timestamp catchup format specifier
- Added: Support duration units format specifer to convert duration to mins or hours
- Update: Update darwin deprecated thread call
- Fixed: validate duration format specifier and cap to time now
- Added: Add optional stream property for live catchup url
- Added: Support for offset catchup format specifier
- Fixed: Disable Neon for arm for iOS/tvOS
- Fixed: Raspberry Pi build

v1.6.0
- Added: Support catchup-id stream property
- Added: Enable pthreads for FFmpeg on Windows to allow circular buffer for UDP streams
- Added: Fanart and icon
- Added: Move from appveyor to Azure DevOps to windows CI
- Added: Source and license to addon.xml
- Added: p8-platform to addon depends
- Fixed: Remove kodi protocol options before opening URL
- Fixed: Wrong mms/rtp/udp url being used
- Fixed: Android linkage for ffmpeg broken
- Fixed: Travis status image
- Update: To gnutls-3.6.12

v1.5.0
- Update: FFmpeg-n4.2.2, patches refreshed

v1.4.1
- Update: Cleanup logging

v1.4.0
- Added: gnutls patch to add libdl to support newer OSes
- Added: Add support for mms and rtp/udp streams with sources
- Fixed: Add workaround for CMake and Frameworks on Darwin

v1.3.0
- Added: Support for Windows and iOS
- Update: To gmp-6.2.0
- Update: To nettle-3.5.1
- Update: To gnutls-3.6.11.1

v1.2.1
- Fixed: Support for XCode build with GCC via travis

v1.2.0
- Added: Jenkinsfile and .travel.yml
- Added: Support for Android and linux
- Fixed: Some depnds errors for iOS, still more to fix
- Added: Clang and g++ build supported from Travis, osx travis not working

v1.1.0
- Added: Support for chapters

v1.0.0
- Added: Initial version working for both normal streams and those supporting catchup

Full changelog here: https://github.com/xbmc/inputstream.ffmpegdirect/blob/Matrix/inputstream.ffmpegdirect/changelog.txt
    </news>
    <summary lang="de_DE">InputStream Client für FFmpeg-Streams (libavformat)</summary>
    <summary lang="en_GB">InputStream Client for FFmpeg streams (libavformat)</summary>
    <description lang="de_DE">InputStream-Client für Streams, die entweder mit dem libav-Format von FFmpeg oder mit cURL von Kodi geöffnet werden können. Gängige Stream-Formate wie TS, HLS und DASH (ohne DRM) werden ebenso unterstützt wie viele andere.[CR][CR]Das Addon unterstützt auch Archiv-/Aufholdienste, bei denen Wiedergabefenster vorhanden sind (normalerweise in Tagen), und kann über diesen Zeitraum hinweg eine Zeitverschiebung bewirken.[CR][CR]Dokumentation finden Sie unter: https://github.com/xbmc/inputstream.ffmpegdirect/blob/Matrix/README.md</description>
    <description lang="en_GB">InputStream Client for streams that can be opened by either FFmpeg's libavformat or Kodi's cURL. Common stream formats such as plain TS, HLS and DASH (without DRM) are supported as well as many others.[CR][CR]The addon also has support for Archive/Catchup services where there is a replay windows (usually in days) and can timeshift across that span.[CR][CR]For documenation visit: https://github.com/xbmc/inputstream.ffmpegdirect/blob/Matrix/README.md</description>
  </extension>
</addon>

<addon
  id="inputstream.rtmp"
  version="3.4.0"
  name="RTMP Input"
  provider-name="spiff">
  <requires>
<import addon="kodi.binary.global.main" minversion="1.2.0" version="1.3.0"/>
<import addon="kodi.binary.global.general" minversion="1.0.4" version="1.0.5"/>
<import addon="kodi.binary.instance.inputstream" minversion="3.0.1" version="3.0.1"/></requires>
  <extension
    point="kodi.inputstream"
    name="rtmp"
    protocols="rtmp|rtmpt|rtmpe|rtmpte|rtmps"
    listitemprops="SWFPlayer|swfurl|PageURL|PlayPath|TcUrl|IsLive|swfvfy"
    library_windows="inputstream.rtmp.dll" />
  <extension point="xbmc.addon.metadata">
    <summary lang="de_DE">Client für RTMP-Streams</summary>
    <summary lang="en_GB">Client for RTMP streams</summary>
    <description lang="de_DE">Das Real Time Messaging Protocol (RTMP) ist ein proprietäres Netzwerkprotokoll, das von Adobe Inc. entwickelt wurde, um Audio-, Video- und andere Daten über das Internet von einem Medienserver zu einem Flash Player zu übertragen.

Dieses Addon implementiert die RTMP-Streaming-Unterstützung für Kodi und installierte Add-Ons.</description>
    <description lang="en_GB">The Real Time Messaging Protocol (RTMP) is a proprietary network protocol developed by Adobe Inc. to transmit audio, video and other data over the Internet from a media server to a flash player.

This addon implements RTMP streaming support for Kodi and installed add-ons.</description>
    <platform>windows-x86_64</platform>
    <license>GPL-2.0-or-later</license>
    <source>https://github.com/xbmc/inputstream.rtmp</source>
    <assets>
      <icon>icon.png</icon>
    </assets>
    <news>v3.4.0
- Update: inputstream API 3.0.1
  - Fix wrong flags bit shift

v3.3.0
- Update inputstream API 3.0.0
- Fix and allow use of stream values:
  - SWFPlayer
  - swfurl (same as SWFPlayer)
  - PageURL
  - PlayPath
  - TcUrl
  - IsLive
  - swfvfy

v3.2.0
- Matrix API change inputstream API 2.3.4
- Add german translation
- Improve debian package build and add test to Travis CI

v3.1.1
- Bump verion for PPA build Global API 1.2.0 and inputstream API 2.3.1

v3.1.0
- Matrix API change inputstream API 2.3.1
- Matrix APi change Global API 1.2.0

v3.0.5
- Matrix API change to v2.3.0 - Re-release API change

v3.0.4
- Matrix API change to v2.3.0 - Pass mime type to inputstreams if available

v3.0.3
- Matrix API change to v2.2.0 - Allows upto 256 streams
    </news>
  </extension>
</addon>

<addon id="plugin.video.Infotec-Kodi-Online-matrix"
       name="[COLOR orange]INFOTEC[/COLOR]-[COLOR lime]KODI[/COLOR]-[COLOR lightskyblue]ONLINE[/COLOR]-[COLOR yellow]MATRIX[/COLOR]"
       version="1.1.2+matrix.1"
       provider-name="By Infotec-Kodi-Online">
<requires>
    <import addon="xbmc.python" version="3.0.0"/>
    <import addon="script.module.requests"/>
    <import addon="script.module.simplejson"/>
	<import addon="script.module.kodi-six" />
	<import addon="script.module.resolveurl" version="5.0.00"/>
</requires>
<extension point="xbmc.python.pluginsource" library="default.py">
	<provides>video</provides>
</extension>
<extension point="xbmc.addon.metadata">
	 <summary lang="en">[COLOR orange]INFOTEC[/COLOR]-[COLOR lime]KODI[/COLOR]-[COLOR lightskyblue]ONLINE[/COLOR]-[COLOR yellow]MATRIX[/COLOR]</summary>
    <description lang="en">[COLOR orange]*FILMES*[COLOR lightskyblue]*SERIES*[COLOR white]*LANCAMENTOS*[COLOR green]*HD*[COLOR orangered]*FHD*[COLOR lime]*TORRENT*[/COLOR]</description>
    <disclaimer lang="en">O autor não é responsável pelo uso deste addon. O autor não é responsável pelo conteúdo encontrado usando este addon. O autor não hospeda ou possui qualquer conteúdo encontrado dentro deste addon. O autor não é de forma alguma afiliado com Kodi, Team Kodi, ou a Fundação XBMC. Este é um recurso sem fins lucrativos, organizado exclusivamente para fins educacionais. fins protegidos pela doutrina de uso justo da Lei de Direitos Autorais, especificamente a seção 107, que promove a liberdade de expressão, ao permitir o uso não licenciado de obras protegidas por direitos autorais.</disclaimer>
	<platform>all</platform>
	<assets>
       <icon>icon.png</icon>
       <fanart>fanart.jpg</fanart>
<screenshot>resources/screenshots/home.png</screenshot>
<screenshot>resources/screenshots/movies.png</screenshot>
<screenshot>resources/screenshots/series.png</screenshot>
</assets>
	<news>[COLOR lime]ATUALIZAÇÃO[COLOR orange]1.1.2+matrix.1[/COLOR]
	</news>
</extension>
</addon>

<addon id="plugin.video.infotec.kodi.nexus" name="Infotec" version="1.0.1+nexus.1" provider-name="Infotec">
<requires>
    <import addon="xbmc.python" version="3.0.0"/>
    <import addon="script.module.requests"/>
    <import addon="script.module.simplejson"/>
	<import addon="script.module.kodi-six" />
</requires>
<extension point="xbmc.python.pluginsource" library="default.py">
	<provides>video</provides>
</extension>
<extension point="xbmc.addon.metadata">
	<summary lang="en">Addon example</summary>
	<summary lang="pt">Addon modelo</summary>
	<description lang="en">Addon for kodi 19-20</description>
	<description lang="pt">Addon for kodi 19-20</description>
    <disclaimer lang="en">The author is in no way affiliated with Kodi, Team Kodi or the XBMC Foundation. This is a non-profit resource.</disclaimer>
	<disclaimer lang="pt">O autor não é de forma alguma afiliado ao Kodi, Team Kodi ou a XBMC Foundation. Este é um recurso sem fins lucrativos.</disclaimer>
    <platform>all</platform>
	<assets>
       <icon>icon.png</icon>
       <fanart>fanart.jpg</fanart>
    </assets>
	<news>
v1.0.0.matrix.1
- Addon modelo
	</news>
</extension>
</addon>

<addon id="plugin.video.kodi.online.originais"
version="0.0.22"
name="[COLOR orange]Kodi [COLOR blue]Online [COLOR lime]Originais [COLOR yellow]Matrix[/COLOR]"
provider-name="Infotec - Kodi - Online">
<requires>
  <import addon="xbmc.python" version="3.0.0"/>
  <import addon="script.module.resolveurl" version="5.0.00"/>
</requires>
<extension point="xbmc.python.pluginsource" library="main.py">
  <provides>video</provides>
</extension>
<extension point="xbmc.addon.metadata">
  <summary lang="en">Kodi Video Plugin</summary>
  <description lang="en_GB">Kodi mediacenter.</description>
  <disclaimer lang="en_GB">Free videos </disclaimer>
  <assets>
    <icon>icon.png</icon>
    <fanart>fanart.jpg</fanart>
    <screenshot>resources\screenshot-01.jpg</screenshot>
    <screenshot>resources\screenshot-02.jpg</screenshot>
    <screenshot>resources\screenshot-03.jpg</screenshot>
  </assets>
  <news>Updated with latest artwork metadata</news>
</extension>
</addon>

<addon id="plugin.video.kodi.online.series.originais"
version="0.0.01"
name="[COLOR orange]Kodi [COLOR blue]Online [COLOR lime]Originais [COLOR white]Séries[/COLOR] [COLOR yellow]Matrix[/COLOR]"
provider-name="Infotec - Kodi - Online">
<requires>
  <import addon="xbmc.python" version="3.0.0"/>
  <import addon="script.module.resolveurl" version="5.0.00"/>
</requires>
<extension point="xbmc.python.pluginsource" library="main.py">
  <provides>video</provides>
</extension>
<extension point="xbmc.addon.metadata">
  <summary lang="en">Kodi Video Plugin</summary>
  <description lang="en_GB">Kodi mediacenter.</description>
  <disclaimer lang="en_GB">Free videos </disclaimer>
  <assets>
    <icon>icon.png</icon>
    <fanart>fanart.jpg</fanart>
    <screenshot>resources\screenshot-01.jpg</screenshot>
    <screenshot>resources\screenshot-02.jpg</screenshot>
    <screenshot>resources\screenshot-03.jpg</screenshot>
  </assets>
  <news>Updated with latest artwork metadata</news>
</extension>
</addon>

<addon id="plugin.video.plutotv" version="1.5.9" name="Pluto TV" provider-name="Lunatixz">
    <requires>
        <import addon="xbmc.python" version="3.0.0"/>
        <import addon="script.module.six" version="1.0.0"/>
        <import addon="script.module.kodi-six" version="0.1.3.1"/>
        <import addon="script.module.requests" version="2.7.0"/>
        <import addon="script.module.simplecache" version="1.0.0"/>
        <import addon="script.module.routing" version="0.2.3"/>
        <import addon="script.module.inputstreamhelper" version="0.3.3"/>
        <import addon="service.iptv.manager" version="0.2.2" optional="true"/>
    </requires>
    <extension point="xbmc.python.pluginsource" library="default.py">
        <provides>video</provides>
    </extension>
    <extension point="xbmc.service" library="pseudotv_recommended.py"/>
    <extension point="xbmc.addon.metadata">
        <reuselanguageinvoker>true</reuselanguageinvoker>
        <platform>all</platform>
        <license>GPL-3.0-or-later</license>
        <source>https://github.com/Lunatixz/KODI_Addons/tree/master/plugin.video.plutotv</source>
        <website>http://pluto.tv/</website>
        <forum>http://forum.kodi.tv/showthread.php?tid=315513</forum>
        <news>v1.5.0[CR]- Matrix Support[CR]</news>
        <assets>
            <icon>resources/images/icon.png</icon>
            <fanart>resources/images/fanart.jpg</fanart>
            <screenshot>resources/images/screenshot01.jpg</screenshot>
            <screenshot>resources/images/screenshot02.jpg</screenshot>
            <screenshot>resources/images/screenshot03.jpg</screenshot>
            <screenshot>resources/images/screenshot04.jpg</screenshot>
        </assets>
        <summary lang="en_GB">TV channels devoted to your favorite things, made from blockbuster movies from Paramount, ... “The genius of Pluto TV: This is real internet television”.</summary>
        <description lang="en_GB">Watch Free TV on Kodi! Stream Pluto TV's 100+ channels of news, sports, and the Internet's best, completely free on your Kodi device.</description>
    </extension>
</addon>

<addon id="plugin.video.smr_link_tester" version="1.1.7" name="SMR Link Tester" provider-name="gujal">
    <requires>
        <!-- <import addon="xbmc.python" version="3.0.0"/> -->
        <import addon="script.module.resolveurl"/>
        <import addon="script.module.resolveurl.xxx"/>
        <import addon="script.module.six" version="0.0.1"/>
        <import addon="script.module.kodi-six" version="0.0.1"/>
    </requires>
    <extension point="xbmc.python.pluginsource" library="default.py">
        <provides>video</provides>
    </extension>
    <extension point="xbmc.addon.metadata">
        <summary>SMR Link Tester Addon</summary>
        <description></description>
        <platform>all</platform>
        <assets>
            <icon>icon.png</icon>
        </assets>
	</extension>
</addon>

<addon id="plugin.video.youtube" name="YouTube" version="6.8.17+matrix.1" provider-name="anxdpanic, bromix">
  <requires>
    <import addon="xbmc.python" version="3.0.0"/>
    <import addon="script.module.six" version="1.11.0"/>
    <import addon="script.module.requests" version="2.12.4"/>
    <import addon="script.module.inputstreamhelper" version="0.2.2" optional="true"/>
  </requires>
  <extension point="xbmc.python.pluginsource" library="resources/lib/default.py">
    <provides>video</provides>
  </extension>
  <extension point="xbmc.service" library="resources/lib/startup.py"/>
  <extension point="xbmc.python.module" library="resources/lib/"/>
  <extension point="xbmc.addon.metadata">
    <news>
[fix] Fix comments on Kodi 19+ |contrib: ramateur|
[fix] Fix ratebypass
[upd] Update icon and fanart |contrib: papercore-dev|
[lang] translation updates from Weblate
        </news>
    <assets>
      <icon>icon.png</icon>
      <fanart>fanart.jpg</fanart>
    </assets>
    <platform>all</platform>
    <license>GPL-2.0-only</license>
    <forum>https://ytaddon.panicked.xyz/forum</forum>
    <website>https://www.youtube.com</website>
    <source>https://github.com/anxdpanic/plugin.video.youtube</source>
    <reuselanguageinvoker>true</reuselanguageinvoker>
    <summary lang="bg_BG">Добавка за YouTube</summary>
    <summary lang="cs_CZ">Plugin pro YouTube</summary>
    <summary lang="de_DE">Plugin für YouTube</summary>
    <summary lang="el_GR">Πρόσθετο YouTube</summary>
    <summary lang="en_GB">Plugin for YouTube</summary>
    <summary lang="es_ES">Plugin para YouTube</summary>
    <summary lang="es_MX">Plugin para YouTube</summary>
    <summary lang="fr_FR">Plugin pour YouTube</summary>
    <summary lang="he_IL">תוסף עבור YouTube</summary>
    <summary lang="hu_HU">YouTube kiegészítő</summary>
    <summary lang="ko_KR">유튜브 플러그인</summary>
    <summary lang="nb_NO">Tillegg for YouTube</summary>
    <summary lang="pl_PL">Wtyczka YouTube</summary>
    <summary lang="ru_RU">Видеодополнение YouTube</summary>
    <summary lang="tr_TR">YouTube için eklenti</summary>
    <summary lang="vi_VN">Plugin dành cho YouTube</summary>
    <summary lang="zh_CN">YouTube附加元件</summary>
    <summary lang="zh_TW">YouTube附加元件</summary>
    <description lang="bg_BG">YouTube е един от най-големите уеб сайтове за споделяне на видео в целия свят.</description>
    <description lang="cs_CZ">YouTube je jedna z největších webových stránek světa sdílející video.</description>
    <description lang="de_DE">YouTube ist eines der größten Video-Sharing-Websites der Welt.</description>
    <description lang="el_GR">Το YouTube είναι μία από τις μεγαλύτερες ιστοσελίδες διαμοιρασμού βίντεο στον κόσμο.</description>
    <description lang="en_GB">YouTube is one of the biggest video-sharing websites of the world.</description>
    <description lang="es_ES">YouTube es uno de los sitios web más grande del mundo para compartir vídeos.</description>
    <description lang="es_MX">YouTube es uno de los más grandes sitios web de intercambio de videos del mundo.</description>
    <description lang="fr_FR">YouTube est l'un des plus grands sites de partage vidéos du monde.</description>
    <description lang="he_IL">YouTube הוא אחד מאתרי שיתוף הווידאו הגדולים בעולם.</description>
    <description lang="hu_HU">A YouTube világ egyik legnagyobb videómegosztó weboldala.</description>
    <description lang="ko_KR">유튜브는 세상에서 가장 큰 동영상 공유 사이트 중의 하나입니다.</description>
    <description lang="nb_NO">YouTube er en av verdens største nettsider for videodeling.</description>
    <description lang="pl_PL">YouTube jest jednym z największych na świecie serwisów udostępniania wideo.</description>
    <description lang="ru_RU">YouTube - популярнейший видеохостинговый сайт, предоставляющий пользователям услуги хранения, доставки и показа видео.</description>
    <description lang="tr_TR">YouTube, dünya üzerindeki en büyük video paylaşma platformlarından birisidir.</description>
    <description lang="vi_VN">YouTube là một trong những trang web chia sẻ video lớn nhất trên thế giới.</description>
    <description lang="zh_CN">「Youtube」是全世界最大的影片分享網站</description>
    <description lang="zh_TW">「Youtube」是全世界最大的影片分享網站</description>
    <disclaimer lang="cs_CZ">Tento plugin není schválen společností Google</disclaimer>
    <disclaimer lang="de_DE">Dieses Plugin ist nicht von Google befürwortet</disclaimer>
    <disclaimer lang="el_GR">Η παρούσα μικροεφαρμογή δεν έχει υϊοθετηθεί από την Google</disclaimer>
    <disclaimer lang="en_GB">This plugin is not endorsed by Google</disclaimer>
    <disclaimer lang="es_ES">Este add-on no está respaldado por Google</disclaimer>
    <disclaimer lang="es_MX">Este add-on no está respaldado por Google</disclaimer>
    <disclaimer lang="pl_PL">Ta wtyczka nie jest zatwierdzona przez Google</disclaimer>
    <disclaimer lang="ru_RU">Плагин не поддерживается Google</disclaimer>
    <disclaimer lang="tr_TR">Bu eklenti Google tarafından üretilmemiştir</disclaimer>
    <disclaimer lang="vi_VN">Plugin này không được xác nhận bởi Google</disclaimer>
    <disclaimer lang="zh_TW">此附加元件未由Google支持</disclaimer>
  </extension>
</addon>

<addon id="repository.kodinfotec.matrix" name="[COLOR maroon]Repositorio[/COLOR] [COLOR orange]Kodi[/COLOR][COLOR yellow]nfotec[/COLOR] [COLOR cyan]Matrix[/COLOR]" version="2.4.5 provider-name="Infotec - Kodi - Online">



<requires>
  <import addon="xbmc.addon" version="12.0.0"/>
  <import addon="xbmc.python" version="3.0.0"/>
</requires>

<extension point="xbmc.addon.repository" name="[COLOR maroon]Repositório[/COLOR] [COLOR orange]Kodi[/COLOR][COLOR yellow]nfotec[/COLOR] [COLOR cyan]Matrix[/COLOR]">
	<dir miniversion="18.9.1">
		<info compressed="false">https://raw.githubusercontent.com/kodinfotec/matrix/master/addons.xml</info>
		<checksum>https://raw.githubusercontent.com/kodinfotec/matrix/master/addons.xml.md5</checksum>
		<datadir zip="true">https://raw.githubusercontent.com/kodinfotec/matrix/master</datadir>
	</dir>

</extension>
<extension point="xbmc.addon.metadata">
  <summary>repositório kodinfotec matrix</summary>
  <description>repositório oficial kodinfotec (kodi 19-20) - proibido a reprodução sem prévia autorização</description>
  <platform>all</platform>
  <source>https://raw.github.com/kodinfotec/matrix/master</source>
  <assets>
    <icon>icon.png</icon>
    <fanart>fanart.jpg</fanart>
  </assets>
</extension>
</addon>

<addon id="repository.lunatixz" name="Lunatixz Beta Repository (Matrix)" version="1.1.0" provider-name="Lunatixz">
    <extension point="xbmc.addon.repository" name="Lunatixz Matrix Beta Repository">
        <dir>
          <info compressed="false">https://raw.githubusercontent.com/Lunatixz/KODI_Addons/master/addons.xml</info>
          <checksum>https://raw.githubusercontent.com/Lunatixz/KODI_Addons/master/addons.xml.md5</checksum>
          <datadir zip="true">https://raw.githubusercontent.com/Lunatixz/KODI_Addons/master/zips</datadir>
        </dir>
        <dir>
          <info compressed="false">https://raw.githubusercontent.com/PseudoTV/PseudoTV_Live/master/addons.xml</info>
          <checksum>https://raw.githubusercontent.com/PseudoTV/PseudoTV_Live/master/addons.xml.md5</checksum>
          <datadir zip="true">https://raw.githubusercontent.com/PseudoTV/PseudoTV_Live/master/zips</datadir>
        </dir>
        <dir>
          <info compressed="false">https://raw.githubusercontent.com/PseudoTV/PseudoTV_Resources/master/addons.xml</info>
          <checksum>https://raw.githubusercontent.com/PseudoTV/PseudoTV_Resources/master/addons.xml.md5</checksum>
          <datadir zip="true">https://raw.githubusercontent.com/PseudoTV/PseudoTV_Resources/master/zips</datadir>
        </dir>
    </extension>
    <extension point="xbmc.addon.metadata">
        <summary lang="en_GB">Matrix Repository</summary>
        <description lang="en_GB">Matrix Repository, for older Kodi builds install Leia or Jarvis Repository</description>
        <platform>all</platform>
        <source>https://github.com/Lunatixz/KODI_Addons</source>
        <assets>
            <icon>icon.png</icon>
        </assets>
    </extension>
</addon>

<addon id="repository.resolveurl" name="ResolveURL Repository" provider-name="gujal" version="1.0.0">
  <extension point="xbmc.addon.repository" name="ResolveURL Repository">
    <dir>
      <info compressed="false">https://raw.githubusercontent.com/Gujal00/smrzips/master/addons.xml</info>
      <checksum>https://raw.githubusercontent.com/Gujal00/smrzips/master/addons.xml.md5</checksum>
      <datadir zip="true">https://raw.githubusercontent.com/Gujal00/smrzips/master/zips/</datadir>
    </dir>
  </extension>
  <extension point="xbmc.addon.metadata">
    <platform>all</platform>
    <description lang="en_GB">ResolveURL and Link Tester</description>
    <license></license>
    <language></language>
    <website></website>
    <news></news>
    <assets>
      <icon>icon.png</icon>
      <fanart>fanart.jpg</fanart>
    </assets>
  </extension>
</addon>

<addon id="repository.slyguy" name="SlyGuy Repository" provider-name="SlyGuy" version="0.0.2">
  <extension point="xbmc.addon.repository" name="SlyGuy Repository">
    <dir>
      <info compressed="false">https://k.slyguy.xyz/.repo/addons.xml</info>
      <checksum>https://k.slyguy.xyz/.repo/addons.xml.md5</checksum>
      <datadir zip="true">https://k.slyguy.xyz/.repo/</datadir>
    </dir>
  </extension>
  <extension point="xbmc.addon.metadata">
    <platform>all</platform>
    <description lang="en">Addons by SlyGuy</description>
    <license></license>
    <language></language>
    <website></website>
    <news></news>
    <assets>
      <icon>icon.png</icon>
      <fanart>fanart.jpg</fanart>
    </assets>
  </extension>
</addon>

<addon id="script.module.idna" name="idna" version="2.10.0+matrix.1" provider-name="Kim Davies">
  <requires>
    <import addon="xbmc.python" version="3.0.0"/>
  </requires>
  <extension point="xbmc.python.module" library="lib" />
  <extension point="xbmc.addon.metadata">
    <summary lang="en_GB">Internationalized Domain Names for Python</summary>
    <description lang="en_GB">Internationalized Domain Names for Python</description>
    <license>BSD-3-Clause</license>
    <platform>all</platform>
    <website>https://github.com/kjd/idna</website>
    <source>https://github.com/kjd/idna</source>
    <assets>
      <icon>resources/icon.png</icon>
    </assets>
  </extension>
</addon>

<addon id="script.module.inputstreamhelper" name="InputStream Helper" version="0.5.8+matrix.1" provider-name="emilsvennesson, dagwieers, mediaminister, horstle">
  <requires>
    <!--py3 compliant-->
    <import addon="xbmc.python" version="3.0.0"/>
    <import addon="script.module.pysocks" version="1.6.8" optional="true"/>
  </requires>
  <!-- This is needed to get an add-on icon -->
  <extension point="xbmc.python.script" library="default.py">
    <provides>executable</provides>
  </extension>
  <extension point="xbmc.python.module" library="lib"/>
  <extension point="xbmc.addon.metadata">
    <summary lang="en_GB">Kodi InputStream and DRM playback made easy</summary>
    <summary lang="de_DE">Kodi InputStream und DRM Wiedergabe einfach gemacht</summary>
    <summary lang="el_GR">Βοηθός Inputstream για το Kodi και εύκολη αναπαραγωγή DRM</summary>
    <summary lang="fr_FR">La lecture Kodi InputStream et DRM en toute simplicité</summary>
    <summary lang="es_ES">Kodi InputStream y reproducción DRM echa fácil</summary>
    <description lang="en_GB">A simple Kodi module that makes life easier for add-on developers relying on InputStream based add-ons and DRM playback.</description>
    <description lang="de_DE">Dieses einfache Kodi-Modul macht das Leben für Addon Entwickler einfacher, die auf InputStream basierte Addons und DRM Wiedergabe angewiesen sind.</description>
    <description lang="el_GR">Μία απλή μονάδα για το Kodi η οποία διευκολύνει την ζωή των προγραμματιστών οι οποίοι εξαρτώνται από τα πρόσθετσ InputStream και αναπαραγωγή τύπου DRM.</description>
    <description lang="ru_RU">Простой модуль для Kodi, который облегчает жизнь разработчикам дополнений, с использованием InputStream дополнений и воспроизведения DRM контента.</description>
    <description lang="fr_FR">Un simple module Kodi qui simplifie la vie des développeurs de modules complémentaires en s’appuyant sur des modules complémentaires basés sur InputStream et sur la lecture de DRM.</description>
    <description lang="es_ES">Un módulo Kodi simple que hace la vida más fácil para los desarrolladores de complementos que dependen de complementos basados en InputStream y reproducción de DRM.</description>
    <news>
v0.5.8 (2021-09-09)
- Simplify Widevine CDM installation on ARM hardware
- Update Chrome OS ARM hardware id's
- Update Japanese and Korean translations

v0.5.7 (2021-07-02)
- Further improve Widevine CDM installation on ARM hardware

v0.5.6 (2021-06-24)
- Improve Widevine CDM installation on ARM hardware
- Postpone Widevine CDM updates when user rejects

v0.5.5 (2021-06-02)
- Improve Widevine CDM installation on ARM hardware

v0.5.4 (2021-05-27)
- Fix Widevine CDM installation on ARM hardware

v0.5.3 (2021-05-10)
- Temporary fix for Widevine CDM installation on ARM hardware
- Fix Widevine CDM installation on 32-bit Linux

v0.5.2 (2020-12-13)
- Update Chrome OS ARM hardware id's

v0.5.1 (2020-10-02)
- Fix incorrect ARM HWIDs: PHASER and PHASER360
- Added Hebrew translations
- Updated Dutch, Japanese and Korean translations

v0.5.0 (2020-06-25)
- Extract Widevine CDM directly from Chrome OS, minimizing disk space usage and eliminating the need for root access
- Improve progress dialog while extracting Widevine CDM on ARM devices
- Support resuming interrupted downloads on unreliable internet connections
- Reshape InputStream Helper information dialog
- Updated Dutch, English, French, German, Greek, Hungarian, Romanian, Russian, Spanish and Swedish translations
    </news>
    <platform>all</platform>
    <license>MIT</license>
    <website>https://github.com/emilsvennesson/script.module.inputstreamhelper/wiki</website>
    <source>https://github.com/emilsvennesson/script.module.inputstreamhelper</source>
    <assets>
      <icon>resources/icon.png</icon>
    </assets>
  </extension>
</addon>

<addon id="script.module.resolveurl" name="ResolveURL" version="5.1.28" provider-name="gujal">
    <requires>
        <!-- <import addon="xbmc.python" version="3.0.0" /> -->
        <import addon="script.module.six" />
        <import addon="script.module.kodi-six" />
        <import addon="plugin.video.youtube" optional="true" />
        <import addon="script.module.python.twitch" optional="true" />
        <import addon="plugin.googledrive" optional="true" />
    </requires>
    <extension point="xbmc.python.module" library="lib" />
    <extension point="xbmc.python.pluginsource" library="lib/default.py" />
    <extension point="xbmc.addon.metadata">
        <platform>all</platform>
        <summary lang="en_GB">Resolve common video host URL's to be playable in XBMC/Kodi.</summary>
        <summary lang="es_ES">Resolver enlaces a videos de sitios populares para poder reproducirlos en XBMC/Kodi.</summary>
        <summary lang="hr_HR">Prilagodi najčešće URL-ove video izvora kako bi radili u XBMC/Kodiju.</summary>
        <summary lang="el_GR">Επίλυση συνδέσμων κοινών εξυπηρετητών σε μορφή βίντεο ικανό για αναπαραγωγή στο XBMC/Kodi.</summary>
        <description lang="en_GB">Resolve common video host URL's to be playable in XBMC/Kodi, simplify addon development of video plugins requiring multi video hosts.</description>
        <description lang="el_GR">Επίλυση συνδέσμων κοινών εξυπηρετητών σε μορφή βίντεο ικανό για αναπαραγωγή στο XBMC/Kodi, απλοποίηση της ανάπτυξης των προσθέτων που χρησιμοποιούν πολλαπλούς εξυπηρετητές για υλικό βίντεο</description>
        <description lang="hr_HR">Prilagodi najčešće URL-ove video izvora kako bi radili u XBMC/Kodiju, pojednostavnjuje razvoj priključaka za video dodatke koji zahtjevaju višestruke video izvore.</description>
        <disclaimer lang="en_GB">This script only resolves video content from legitimate file lockers without prejudice. If this script is being used by 3rd parties to resolve content that you feel infringes upon your Intellectual Property then please take your complaints to the actual website or developer linking to such content and not here. This script in no way searches for any content whatsoever.</disclaimer>
        <disclaimer lang="el_GR">Το ανωτέρο σενάριο το μόνο που κάνει είναι να επιλύει οπτικοακουστικό περιεχόμενο από νόμιμες πηγές χωρίς προκατάληψη. Εάν το ανωτέρο σενάριο χρησιμοποιηθεί από τρίτους ώστε να επιλύσει περιεχόμενο το οποίο σας προκαλεί αντίδραση ότι παραβιάζει την πνευματική σας ιδιοκτησία παρακαλώ μεταφέρετε τα παραπονά σας στον ιστότοπο τον οποίο βρίσκεται το εν λόγω περιεχόμενο η τον δημιουργό ο οποίος πραγματοποιεί την σύνδεση και όχι εδω. Το σενάριο αυτό ουδεμία περίπτωση πραγματοποιεί αναζήτηση περιεχομένου.</disclaimer>
        <assets>
            <icon>icon.png</icon>
            <fanart>fanart.jpg</fanart>
        </assets>
    </extension>
</addon>

<addon id="script.module.resolveurl.xxx" version="2.1.16" name="Adult Resolver SMR Extension" provider-name="gujal">
	<requires>
		<!-- <import addon="xbmc.python" version="2.1.0"/> -->
        <import addon="script.module.resolveurl" version="5.1.0" />
	</requires>
	<extension point="xbmc.python.module" library="lib" />
	<extension point="xbmc.addon.metadata">
		<summary lang="en">Resolve adult video host URL's to be playable in XBMC/Kodi.</summary>
		<description lang="en">Resolve adult video host URL's to be playable in XBMC/Kodi.</description>
		<platform>all</platform>
	</extension>
</addon>

<addon id="script.module.six"
       name="six"
       version="1.14.0+matrix.2"
       provider-name="gutworth">
  <requires>
    <import addon="xbmc.python"	version="3.0.0"/>
  </requires>
  <extension point="xbmc.python.module"
             library="lib" />
  <extension point="xbmc.addon.metadata">
    <summary lang="en_GB">Python 2 and 3 compatibility utilities.</summary>
    <description lang="en_GB">Six is a Python 2 and 3 compatibility library. It provides utility functions for smoothing over the differences between the Python versions with the goal of writing Python code that is compatible on both Python versions. See the documentation for more information on what is provided.</description>
    <platform>all</platform>
    <license>MIT</license>
    <source>https://pypi.org/project/six/</source>
    <website>https://pypi.org/project/six/</website>
    <assets>
      <icon>icon.png</icon>
    </assets>
  </extension>
</addon>

<addon id="script.module.slyguy" name="SlyGuy Common" provider-name="SlyGuy" version="0.48.3">
  <requires>
    <import addon="slyguy.dependencies"/>
  </requires>
  <extension point="xbmc.service" library="service.py" start="login" />
  <extension point="xbmc.python.pluginsource" library="default.py" />
  <extension point="xbmc.python.module" library="resources/modules" />
  <extension point="xbmc.addon.metadata">
    <description lang="en">Common code required by all Slyguy add-ons</description>
    <reuselanguageinvoker>true</reuselanguageinvoker>
    <license></license>
    <language></language>
    <website></website>
    <news>add Spanish translation. thanks @espinosaivan</news>
    <assets>
      <icon>icon.png</icon>
      <fanart>fanart.jpg</fanart>
    </assets>
  </extension>
</addon>

<addon id="service.xbmc.versioncheck" name="Version Check" version="0.5.14+matrix.1" provider-name="Team Kodi">
    <requires>
        <import addon="xbmc.python" version="3.0.0"/>
    </requires>
    <extension point="xbmc.service" library="resources/lib/runner.py"/>
    <extension point="xbmc.addon.metadata">
        <news>
- add Kodi 19.0 release
        </news>
        <assets>
            <icon>icon.png</icon>
        </assets>
        <summary lang="be_BY">Kodi Version Check checks if you are running latest released version.</summary>
        <summary lang="bg_BG">Проверява дали ползвате най-новата версия на Kodi.</summary>
        <summary lang="ca_ES">Kodi Version Check comprova si està utilitzant la última versió publicada.</summary>
        <summary lang="cs_CZ">Kontrola verze Kodi, zkontroluje, zda používáte nejnovější vydanou verzi.</summary>
        <summary lang="da_DK">Kodi undersøger om du benytter den nyeste version.</summary>
        <summary lang="de_DE">Kodi Versionsprüfung prüft, ob die neuste Version von Kodi installiert ist.</summary>
        <summary lang="el_GR">Ο Έλεγχος Έκδοσης Kodi εξετάζει αν έχετε την πιο πρόσφατη έκδοση του προγράμματος.</summary>
        <summary lang="en_GB">Kodi Version Check checks if you are running latest released version.</summary>
        <summary lang="en_NZ">Kodi Version Check checks if you are running latest released version.</summary>
        <summary lang="en_US">Kodi Version Check checks if you are running latest released version.</summary>
        <summary lang="es_ES">Kodi Version Check comprueba si está ejecutando la última versión de Kodi.</summary>
        <summary lang="es_MX">Comprobador de Version de Kodi comprueba si se esta ejecutando ultima version publicada.</summary>
        <summary lang="fi_FI">Kodi Version Check tarkistaa onko käyttämäsi uusin versio.</summary>
        <summary lang="fr_FR">Le contrôle de version de Kodi vérifie si la dernière version sortie est utilisée.</summary>
        <summary lang="fr_CA">Le contrôleur de version Kodi vérifie si vous utilisez la dernière version parue.</summary>
        <summary lang="gl_ES">Kodi Version Check verifica se está a executar a última versión.</summary>
        <summary lang="he_IL">בודק גרסת Kodi מוודא אם אתה מריץ את הגרסה הרשמית האחרונה.</summary>
        <summary lang="hr_HR">Kodi provjeritelj inačice provjerava imate li posljednju inačicu izdanja.</summary>
        <summary lang="hu_HU">Az Kodi verzió ellenőrző megvizsgálja, hogy a legújabb kiadást futtatja-e.</summary>
        <summary lang="id_ID">Kodi Version Check mengecek apakah Anda menggunakan versi rilis terbaru.</summary>
        <summary lang="is_IS">Kodi Version Check athugar hvort þú sért að keyra nýjustu viðurkennda útgáfu.</summary>
        <summary lang="it_IT">Kodi Version Check verifica se hai l'ultima versione rilasciata</summary>
        <summary lang="ko_KR">Kodi Version Checks는 최신 정식 릴리즈 버전을 사용중인지 검사해줍니다.</summary>
        <summary lang="lt_LT">Kodi Version Check patikrina ar naudojate naujausią versiją.</summary>
        <summary lang="nl_NL">Kodi versie-check controleert of je de laatst beschikbare versie hebt.</summary>
        <summary lang="nb_NO">Kodi Versjonsettersyn sjekker om du kjører den sist utgitte versjonen.</summary>
        <summary lang="pl_PL">Dodatek Version Check sprawdza czy używasz najnowszej wersji Kodi.</summary>
        <summary lang="pt_PT">O Kodi Version Check verifica se a sua versão de lançamento do Kodi está actualizada.</summary>
        <summary lang="pt_BR">Kodi Version Check verifica se você está executando a versão mais recente.</summary>
        <summary lang="ro_RO">Verificare versiune Kodi verifică dacă folosiți ultima versiune lansată.</summary>
        <summary lang="ru_RU">Kodi Version Check проверяет если вы используете последнюю версию</summary>
        <summary lang="sk_SK">Kodi Kontrola verzií overuje, či používate najnovšiu vydanú verziu.</summary>
        <summary lang="sl_SI">Preverjanje različice Kodi preveri, če imate nameščeno nazadnje izdano različico.</summary>
        <summary lang="sv_SE">Kodi Version Check kontrollerar om du använder den senaste versionen.</summary>
        <summary lang="tr_TR">Kodi Sürüm Kontrol yayınlanmış son sürümü kullanıp kullanmadığınızı kontrol eder.</summary>
        <summary lang="zh_CN">Kodi 版本检查检查你使用的是否为最新发布的版本。</summary>
        <description lang="be_BY">Kodi Version Check only supports a number of platforms/distros as releases may differ between them. For more information visit the kodi.tv website.</description>
        <description lang="bg_BG">Kodi Version Check поддържа няколко платформи/дистрибуции. За повече информация посетете страницата www.kodi.tv</description>
        <description lang="ca_ES">Kodi Version Check només és compatible amb una sèrie de plataformes / distribucions ja que les ultimes versions poden ser diferents entre elles. Per obtenir més informació, visiteu el lloc web kodi.tv.</description>
        <description lang="cs_CZ">Kontrola verze Kodi podporuje pouze několik platforem/distribucí a verze mezi nimi se můžou lišit. Pro více informací navštivte webové stránky kodi.tv.</description>
        <description lang="da_DK">Kodi kan kun undersøge for opdateringer for visse platforme/udgaver, da der kan være forskel. For mere information, besøg kodi.tv.</description>
        <description lang="de_DE">Kodi Versionsprüfung unterstützt nur ein paar Plattformen/Distributionen, da sich die jeweiligen Veröffentlichungen unterscheiden können. Für weitere Informationen besuchen Sie die kodi.tv-Webseite.</description>
        <description lang="el_GR">Ο Έλεγχος Έκδοσης Kodi υποστηρίζει μόνο ορισμένα λειτουργικά συστήματα/διανομές, καθώς οι εκδόσεις διαφέρουν για το καθένα. Για περισσότερες πληροφορίες επισκεφθείτε το kodi.tv</description>
        <description lang="en_GB">Kodi Version Check only supports a number of platforms/distros as releases may differ between them. For more information visit the kodi.tv website.</description>
        <description lang="en_NZ">Kodi Version Check only supports a number of platforms/distros as releases may differ between them. For more information visit the kodi.tv website.</description>
        <description lang="en_US">Kodi Version Check only supports a number of platforms/distros as releases may differ between them. For more information visit the kodi.tv website.</description>
        <description lang="es_ES">Kodi Version Check solo soporta un número limitado de plataformas/distribuciones, ya que los lanzamientos pueden diferir entre ellos. Para más información, visite la web de kodi.tv.</description>
        <description lang="fi_FI">Kodi Version Check tukee vain joitain alustoja/distroja koska julkaisut saattavat poiketa toisistaan. Saadaksesi lisätietoa, vieraile kodi.tv:ssä.</description>
        <description lang="fr_FR">Le contrôle de version de Kodi ne prend en charge qu'un certain nombre de plate-formes/distributions car les versions peuvent varier entre elles. Pour plus d'informations, consulter le site Web kodi.tv.</description>
        <description lang="fr_CA">Le contrôleur de version Kodi ne prend en charge qu'un certain nombre de plate-formes/distributions car les versions peuvent varier entre elles. Pour plus d'informations, visitez le site Web kodi.tv.</description>
        <description lang="gl_ES">Kodi Version Check só soporta un número limitado de plataformas/distribucións, xa que os lanzamentos poden diferir entre eles. Para máis información visitar o sitio web de kodi.tv.</description>
        <description lang="he_IL">בודק גרסת Kodi תומך רק במספר פלטפורמות/הפצות מאחר שסימון הגרסאות שונה בין אחת לשניה. למידע נוסף בקר באתר kodi.tv.</description>
        <description lang="hr_HR">Kodi provjeritelj inačice samo podržava broj platformi/distribucija koliko to dopuštaju pojedina izdanja. Za više informacija posjetite kodi.tv web stranicu.</description>
        <description lang="hu_HU">Az Kodi verzió-ellenőrző csak néhány platformot / disztribúciót támogat, mert a kiadások között különbségek lehetnek. További információkért keresse fel az kodi.tv oldalt.</description>
        <description lang="id_ID">Kodi Version Check hanya mendukung beberapa platform/distro karena rilisnya mungkin berbeda-beda. Untuk informasi lebih lanjut kunjungi situs kodi.tv.</description>
        <description lang="it_IT">Kodi Version Check supporta un numero di piattaforme e distribuzioni diverse tra loro. Per più informazioni visita il sito kodi.tv</description>
        <description lang="ko_KR">Kodi Versio Check는 일부 플랫폼/배포본만을 지원합니다. 자세한 정보는 kodi.tv 웹사이트에서 확인하세요</description>
        <description lang="lt_LT">Kodi Version Check palaiko tik kelias platformas/distribucijas, nes leidimai tarp jų gali skirtis. Norėdami gauti daugiau informacijos, apsilankykite Kodi.tv puslapyje.</description>
        <description lang="nl_NL">Kodi versie check ondersteunt alleen een aantal platforms/distro`s omdat uitgaven verschillen tussen hen. Voor meer informatie bezoek de kodi.tv website.</description>
        <description lang="nb_NO">Kodi Versjonsettersyn støtter kun noen plattformer/distribusjoner fordi utgivelser kan være forskjellige mellom dem. Besøk kodi.tv for mer informasjon.</description>
        <description lang="pl_PL">Dodatek Version Check wspiera tylko część platform i dystrybucji. Więcej informacji na stronie kodi.tv</description>
        <description lang="pt_PT">O Kodi Version Check suporta apenas algumas plataformas/distribuições, porque os lançamentos podem não ser sempre idênticos. Para mais informação, visite o site kodi.tv.</description>
        <description lang="pt_BR">Verificador de versões do Kodi somente suporta algumas plataformas/distros em que os lançamentos podem diferenciar entre si. Para maiores informações visite o website kodi.tv.</description>
        <description lang="ru_RU">Проверка новых версий Kodi поддерживается только на ряде платформ/дистрибутивов и они могут различаться между собой. Для получения доп. информации посетите сайт kodi.tv</description>
        <description lang="sl_SI">Preverjanje različice Kodi podpira le nekatere platforme/distribucije, saj se izdaje med njimi lahko zelo razlikujejo. Za več informacij obiščite spletišče kodi.tv</description>
        <description lang="sv_SE">Kodi Version Check stöder endeast ett antal plattformar/distributioner eftersom utgivningar kan skilja mellan dessa. För mer information besök kodi.tv webplatsen.</description>
        <description lang="tr_TR">Kodi Sürüm Kontrol sürümler arasında değişiklik olduğu için sadece birkaç platform/dağıtım destekler. Daha fazla bilgi için kodi.tv web sitesini ziyaret edin.</description>
        <description lang="zh_CN">Kodi 版本检查只支持部分平台/发行版，它们之间的版本可能会有所不同。欲了解更多信息，请访问 kodi.tv 网站。</description>
        <disclaimer lang="be_BY">Feel free to use this script. For information visit kodi.tv</disclaimer>
        <disclaimer lang="bg_BG">Ползвайте скрипта свободно. За повече информация посетете www.kodi.tv</disclaimer>
        <disclaimer lang="ca_ES">Sigues lliure d'utilitzar aquest script. Per més informació visita kodi.tv</disclaimer>
        <disclaimer lang="cs_CZ">Neváhejte použít tento skript. Pro více informací navštivte kodi.tv</disclaimer>
        <disclaimer lang="da_DK">Du er velkommen til at bruge dette script. For information, besøg kodi.tv</disclaimer>
        <disclaimer lang="de_DE">Zögern Sie nicht, dieses Skript zu verwenden. Für Informationen besuchen Sie kodi.tv</disclaimer>
        <disclaimer lang="el_GR">Χρησιμοποιήστε αυτό το script ελεύθερα. Για πληροφορίες επισκεφθείτε το kodi.tv</disclaimer>
        <disclaimer lang="en_GB">Feel free to use this script. For information visit kodi.tv</disclaimer>
        <disclaimer lang="en_NZ">Feel free to use this script. For information visit kodi.tv</disclaimer>
        <disclaimer lang="en_US">Feel free to use this script. For information visit kodi.tv</disclaimer>
        <disclaimer lang="es_ES">Puede usar libremente este programa. Para más información, visite kodi.tv</disclaimer>
        <disclaimer lang="es_MX">Sientase libre de utilizar este script. Para mas información visita kodi.tv</disclaimer>
        <disclaimer lang="fr_FR">Utiliser ce script si désiré. Pour plus d'informations, consulter le site kodi.tv</disclaimer>
        <disclaimer lang="fr_CA">N'hésitez pas à utiliser ce script. Pour plus d'informations visitez kodi.tv</disclaimer>
        <disclaimer lang="gl_ES">Síntase libre de usar este script, para máis información visitar kodi.tv.</disclaimer>
        <disclaimer lang="he_IL">תרגיש חופשי להשתמש בסקריפט זה. למידע נוסף בקר ב-kodi.tv</disclaimer>
        <disclaimer lang="hr_HR">Slobodno koristite ovu skriptu. Za više informacija posjetite kodi.tv</disclaimer>
        <disclaimer lang="hu_HU">Használja bátran ezt a szkriptet! Információkért keresse fel az kodi.tv oldalt!</disclaimer>
        <disclaimer lang="id_ID">Jangan sungkan menggunakan script ini. Untuk informasi hubungi kodi.tv</disclaimer>
        <disclaimer lang="it_IT">Usa liberamente lo script. Per informazioni visita kodi.tv</disclaimer>
        <disclaimer lang="ko_KR">이 스크립트를 자유롭게 사용하세요. 관련 정보는 kodi.tv를 방문하세요.</disclaimer>
        <disclaimer lang="lt_LT">Galite laisvai naudoti šį scenarijų. Apsilankykite kodi.tv, norėdami gauti daugiau informacijos.</disclaimer>
        <disclaimer lang="nl_NL">Gebruik dit script vrijblijvend. Voor meer informatie bezoek kodi.tv</disclaimer>
        <disclaimer lang="nb_NO">Du har fri tillatelse til å benytte dette skriptet. Besøk kodi.tv for informasjon</disclaimer>
        <disclaimer lang="pl_PL">Zapraszamy do używania tego dodatku. Więcej informacji na stronie kodi.tv</disclaimer>
        <disclaimer lang="pt_PT">Esteja à vontade para usar este script. Para mais informação, visite kodi.tv.</disclaimer>
        <disclaimer lang="pt_BR">Sinta-se livre para usar este script. Para maiores informações visite kodi.tv</disclaimer>
        <disclaimer lang="ro_RO">Simțiți-vă liberi să folosiți acest script. Pentru informații vizitați kodi.tv</disclaimer>
        <disclaimer lang="ru_RU">Используйте этот скрипт на свое усмотрение. Для информации посетите kodi.tv</disclaimer>
        <disclaimer lang="sl_SI">Izvolite uporabiti ta skript. Za dodatne informacije obiščite kodi.tv</disclaimer>
        <disclaimer lang="sv_SE">Använd gärna detta skript. För information, besök kodi.tv</disclaimer>
        <disclaimer lang="tr_TR">Bu betiği kullanmaktan çekinmeyin. Daha fazla bilgi için kodi.tv adresini ziyaret edin</disclaimer>
        <disclaimer lang="zh_CN">可放心使用此脚本，更多信息访问 kodi.tv</disclaimer>
        <platform>all</platform>
        <license>GPL-2.0-or-later, GPL-3.0-or-later, Apache-2.0</license>
        <forum>https://forum.kodi.tv/showthread.php?tid=160228</forum>
        <website>https://kodi.tv</website>
        <source>https://github.com/XBMC-Addons/service.xbmc.versioncheck</source>
    </extension>
</addon>

<addon id="slyguy.pluto.tv.provider" name="Pluto TV" provider-name="SlyGuy" version="0.4.6">
  <requires>
    <import addon="script.module.slyguy"/>
  </requires>
  <extension point="xbmc.python.pluginsource" library="default.py" provides="video">
    <provides>video</provides>
  </extension>
  <extension point="xbmc.addon.metadata">
    <description lang="en">Watch all your favourite Pluto TV channels live anywhere. No subscription required.</description>
    <reuselanguageinvoker>true</reuselanguageinvoker>
    <license></license>
    <language></language>
    <website></website>
    <news>New layout!</news>
    <assets>
      <icon>icon.png</icon>
      <fanart>fanart.jpg</fanart>
    </assets>
  </extension>
</addon>

<addon id="xbmc.python2" version="3.0.0" provider-name="Team Kodi">
  <backwards-compatibility abi="2.1.0"/>
  <requires>
    <import addon="xbmc.core" version="0.1.0"/>
  </requires>
  <extension-point id="script" schema="script.xsd"/>
  <extension-point id="subtitles" schema="script.xsd"/>
  <extension-point id="lyrics" schema="script.xsd"/>
  <extension-point id="weather" schema="script.xsd"/>
  <extension-point id="library" schema="script.xsd"/>
  <extension-point id="screensaver" schema="script.xsd"/>
  <extension-point id="plugin" schema="pluginsource.xsd"/>
  <extension-point id="context.item" schema="contextitem.xsd"/>
</addon>
</addons>
