<?xml version="1.0" encoding="UTF-8" standalone="yes"?>
<addon id="plugin.video.Infotec-Kodi-Online-matrix"
       name="[COLOR orange]INFOTEC[/COLOR]-[COLOR lime]KODI[/COLOR]-[COLOR lightskyblue]ONLINE[/COLOR]-[COLOR yellow]MATRIX[/COLOR]"
       version="1.1.3+matrix.1"
       provider-name="By Infotec-Kodi-Online">
<requires>
    <import addon="xbmc.python" version="3.0.0"/>
    <import addon="script.module.requests"/>
    <import addon="script.module.simplejson"/>
	<import addon="script.module.kodi-six" />
	<import addon="script.module.resolveurl" version="5.0.00"/>
</requires>  
<extension point="xbmc.python.pluginsource" library="default.py">
	<provides>video</provides>
</extension>   
<extension point="xbmc.addon.metadata">
	 <summary lang="en">[COLOR orange]INFOTEC[/COLOR]-[COLOR lime]KODI[/COLOR]-[COLOR lightskyblue]ONLINE[/COLOR]-[COLOR yellow]MATRIX[/COLOR]</summary>
    <description lang="en">[COLOR orange]*FILMES*[COLOR lightskyblue]*SERIES*[COLOR white]*LANCAMENTOS*[COLOR green]*HD*[COLOR orangered]*FHD*[COLOR lime]*TORRENT*[/COLOR]</description>
    <disclaimer lang="en">O autor não é responsável pelo uso deste addon. O autor não é responsável pelo conteúdo encontrado usando este addon. O autor não hospeda ou possui qualquer conteúdo encontrado dentro deste addon. O autor não é de forma alguma afiliado com Kodi, Team Kodi, ou a Fundação XBMC. Este é um recurso sem fins lucrativos, organizado exclusivamente para fins educacionais. fins protegidos pela doutrina de uso justo da Lei de Direitos Autorais, especificamente a seção 107, que promove a liberdade de expressão, ao permitir o uso não licenciado de obras protegidas por direitos autorais.</disclaimer>
	<platform>all</platform>
	<assets>
       <icon>icon.png</icon>
       <fanart>fanart.jpg</fanart>
<screenshot>resources/screenshots/home.png</screenshot>
<screenshot>resources/screenshots/movies.png</screenshot>
<screenshot>resources/screenshots/series.png</screenshot>
</assets>
	<news>[COLOR lime]ATUALIZAÇÃO[COLOR orange]1.1.2+matrix.1[/COLOR]
	</news>
</extension>
</addon>