<?xml version="1.0" encoding="UTF-8"?>
<addon id="repository.kodinfotec.matrix"
version="2.4.4"
name="[COLOR maroon]Repositorio[/COLOR] [COLOR orange]Kodi[/COLOR][COLOR yellow]nfotec[/COLOR] [COLOR cyan]Matrix[/COLOR]"
provider-name="Infotec - Kodi - Online">
<requires>
  <import addon="xbmc.addon" version="12.0.0"/>
  <import addon="xbmc.python" version="3.0.0"/>
</requires>

<extension point="xbmc.addon.repository" name="[COLOR maroon]Repositório[/COLOR] [COLOR orange]Kodi[/COLOR][COLOR yellow]nfotec[/COLOR] [COLOR cyan]Matrix[/COLOR]">
	<dir miniversion="18.9.1">
		<info compressed="false">https://raw.githubusercontent.com/kodinfotec/matrix/master/addons.xml</info>
		<checksum>https://raw.githubusercontent.com/kodinfotec/matrix/master/addons.xml.md5</checksum>
		<datadir zip="true">https://raw.githubusercontent.com/kodinfotec/matrix/master</datadir>
	</dir>
		
</extension>
<extension point="xbmc.addon.metadata">
  <summary>repositório kodinfotec matrix</summary>
  <description>repositório oficial kodinfotec (kodi 19) - proibido a reprodução sem prévia autorização</description>
  <platform>all</platform>
  <source>https://raw.github.com/kodinfotec/matrix/master</source>
  <assets>
    <icon>icon.png</icon>
    <fanart>fanart.jpg</fanart>
  </assets>
</extension>
</addon>
